Rank,Word
1,a's
2,able
3,about
4,above
5,according
6,accordingly
7,across
8,actually
9,after
10,afterwards
11,again
12,against
13,ain't
14,all
15,allow
16,allows
17,almost
18,alone
19,along
20,already
21,also
22,although
23,always
24,am
25,among
26,amongst
27,an
28,and
29,another
30,any
31,anybody
32,anyhow
33,anyone
34,anything
35,anyway
36,anyways
37,anywhere
38,apart
39,appear
40,appreciate
41,appropriate
42,are
43,aren't
44,around
45,as
46,aside
47,ask
48,asking
49,associated
50,at
51,available
52,away
53,awfully
54,be
55,became
56,because
57,become
58,becomes
59,becoming
60,been
61,before
62,beforehand
63,behind
64,being
65,believe
66,below
67,beside
68,besides
69,best
70,better
71,between
72,beyond
73,both
74,brief
75,but
76,by
77,c'mon
78,c's
79,came
80,can
81,can't
82,cannot
83,cant
84,cause
85,causes
86,certain
87,certainly
88,changes
89,clearly
90,co
91,com
92,come
93,comes
94,concerning
95,consequently
96,consider
97,considering
98,contain
99,containing
100,contains
101,corresponding
102,could
103,couldn't
104,course
105,currently
106,definitely
107,described
108,despite
109,did
110,didn't
111,different
112,do
113,does
114,doesn't
115,doing
116,don't
117,done
118,down
119,downwards
120,during
121,each
122,edu
123,eg
124,eight
125,either
126,else
127,elsewhere
128,enough
129,entirely
130,especially
131,et
132,etc
133,even
134,ever
135,every
136,everybody
137,everyone
138,everything
139,everywhere
140,ex
141,exactly
142,example
143,except
144,far
145,few
146,fifth
147,first
148,five
149,followed
150,following
151,follows
152,for
153,former
154,formerly
155,forth
156,four
157,from
158,further
159,furthermore
160,get
161,gets
162,getting
163,given
164,gives
165,go
166,goes
167,going
168,gone
169,got
170,gotten
171,greetings
172,had
173,hadn't
174,happens
175,hardly
176,has
177,hasn't
178,have
179,haven't
180,having
181,he
182,he's
183,hello
184,help
185,hence
186,her
187,here
188,here's
189,hereafter
190,hereby
191,herein
192,hereupon
193,hers
194,herself
195,hi
196,him
197,himself
198,his
199,hither
200,hopefully
201,how
202,howbeit
203,however
204,i'd
205,i'll
206,i'm
207,i've
208,ie
209,if
210,ignored
211,immediate
212,in
213,inasmuch
214,inc
215,indeed
216,indicate
217,indicated
218,indicates
219,inner
220,insofar
221,instead
222,into
223,inward
224,is
225,isn't
226,it
227,it'd
228,it'll
229,it's
230,its
231,itself
232,just
233,keep
234,keeps
235,kept
236,know
237,knows
238,known
239,last
240,lately
241,later
242,latter
243,latterly
244,least
245,less
246,lest
247,let
248,let's
249,like
250,liked
251,likely
252,little
253,look
254,looking
255,looks
256,ltd
257,mainly
258,many
259,may
260,maybe
261,me
262,mean
263,meanwhile
264,merely
265,might
266,more
267,moreover
268,most
269,mostly
270,much
271,must
272,my
273,myself
274,name
275,namely
276,nd
277,near
278,nearly
279,necessary
280,need
281,needs
282,neither
283,never
284,nevertheless
285,new
286,next
287,nine
288,no
289,nobody
290,non
291,none
292,noone
293,nor
294,normally
295,not
296,nothing
297,novel
298,now
299,nowhere
300,obviously
301,of
302,off
303,often
304,oh
305,ok
306,okay
307,old
308,on
309,once
310,one
311,ones
312,only
313,onto
314,or
315,other
316,others
317,otherwise
318,ought
319,our
320,ours
321,ourselves
322,out
323,outside
324,over
325,overall
326,own
327,particular
328,particularly
329,per
330,perhaps
331,placed
332,please
333,plus
334,possible
335,presumably
336,probably
337,provides
338,que
339,quite
340,qv
341,rather
342,rd
343,re
344,really
345,reasonably
346,regarding
347,regardless
348,regards
349,relatively
350,respectively
351,right
352,said
353,same
354,saw
355,say
356,saying
357,says
358,second
359,secondly
360,see
361,seeing
362,seem
363,seemed
364,seeming
365,seems
366,seen
367,self
368,selves
369,sensible
370,sent
371,serious
372,seriously
373,seven
374,several
375,shall
376,she
377,should
378,shouldn't
379,since
380,six
381,so
382,some
383,somebody
384,somehow
385,someone
386,something
387,sometime
388,sometimes
389,somewhat
390,somewhere
391,soon
392,sorry
393,specified
394,specify
395,specifying
396,still
397,sub
398,such
399,sup
400,sure
401,t's
402,take
403,taken
404,tell
405,tends
406,th
407,than
408,thank
409,thanks
410,thanx
411,that
412,that's
413,thats
414,the
415,their
416,theirs
417,them
418,themselves
419,then
420,thence
421,there
422,there's
423,thereafter
424,thereby
425,therefore
426,therein
427,theres
428,thereupon
429,these
430,they
431,they'd
432,they'll
433,they're
434,they've
435,think
436,third
437,this
438,thorough
439,thoroughly
440,those
441,though
442,three
443,through
444,throughout
445,thru
446,thus
447,to
448,together
449,too
450,took
451,toward
452,towards
453,tried
454,tries
455,truly
456,try
457,trying
458,twice
459,two
460,un
461,under
462,unfortunately
463,unless
464,unlikely
465,until
466,unto
467,up
468,upon
469,us
470,use
471,used
472,useful
473,uses
474,using
475,usually
476,value
477,various
478,very
479,via
480,viz
481,v's
482,vs
483,want
484,wants
485,was
486,wasn't
487,way
488,we
489,we'd
490,we'll
491,we're
492,we've
493,welcome
494,well
495,went
496,were
497,weren't
498,what
499,what's
500,whatever
501,when
502,whence
503,whenever
504,where
505,where's
506,whereafter
507,whereas
508,whereby
509,wherein
510,whereupon
511,wherever
512,whether
513,which
514,while
515,whither
516,who
517,who's
518,whoever
519,whole
520,whom
521,whose
522,why
523,will
524,willing
525,wish
526,with
527,within
528,without
529,won't
530,wonder
531,would
532,would
533,wouldn't
534,yes
535,yet
536,you
537,you'd
538,you'll
539,you're
540,you've
541,your
542,yours
543,yourself
544,yourselves
545,zero
